Username,Email,Phone Number
Victor,victor.ciresica@gmail.com,746495101
Radu,radu@mania.com,2025255
Robert,robert@intern.com,5934883
Vasile,vasile@intern.com,55412461
Alex,alex@gmail.com,5138756123
Cristi,cristi@facultate.com,351485131
